,source,target,weight,p_value
0,Androgen,TMPRSS2,11.490631,0.0
1,Androgen,NKX3-1,10.622551,2.2e-44
2,Androgen,MBOAT2,10.472733,4.6e-44
3,Androgen,KLK2,10.176186,1.94441e-40
4,Androgen,SARG,11.386852,2.79021e-40
5,Androgen,SLC38A4,7.363805,1.253072e-39
6,Androgen,MTMR9,6.1306458,2.534403e-38
7,Androgen,ZBTB16,10.614437,1.5671525e-36
8,Androgen,KCNN2,9.473199,7.711872e-36
9,Androgen,OPRK1,-5.6260734,1.11424474e-35
10,Androgen,ADAM7,3.1117454,3.1144558e-32
11,Androgen,ABCC4,9.374285,2.0095212e-31
12,Androgen,MYBPC1,4.6085787,6.807278e-31
13,Androgen,EAF2,6.944907,7.8419645e-31
14,Androgen,KLK3,14.606841,9.196045e-31
15,Androgen,OTULINL,7.7082176,3.9372027e-30
16,Androgen,PEX10,5.74946,1.4105707e-29
17,Androgen,SI,-5.795003,3.986077e-29
18,Androgen,SNAI2,19.821508,8.1523886e-29
19,Androgen,CAMKK2,3.739544,2.59013e-28
20,Androgen,BMPR1B,4.6340847,6.182863e-28
21,Androgen,F5,6.087826,1.2047765e-27
22,Androgen,LIFR,8.6125145,1.1334487e-26
23,Androgen,MAK,5.313673,4.1768647e-26
24,Androgen,GNMT,5.6726384,9.326385e-25
25,Androgen,MPC2,5.8883133,1.2205344e-24
26,Androgen,CTNNA2,3.8691266,1.5381996e-24
27,Androgen,CLDN8,7.8261633,3.2981616e-24
28,Androgen,LRRFIP2,4.144187,1.8121048e-23
29,Androgen,LRRC31,-5.1810226,2.4785945e-23
30,Androgen,LPAR3,5.8482785,6.07584e-23
31,Androgen,SLC15A2,5.1399264,6.749757e-23
32,Androgen,ELL2,6.5675774,1.363369e-22
33,Androgen,IGF1R,5.011522,1.4527064e-21
34,Androgen,DNM1L,4.1886797,2.1356182e-21
35,Androgen,LRIG1,6.626072,3.9930896e-21
36,Androgen,SLITRK3,-3.3206437,1.5034623e-20
37,Androgen,KCNMA1,3.54242,2.3839983e-20
38,Androgen,NPPC,4.046116,7.793352e-20
39,Androgen,ELK4,2.733172,6.213062e-19
40,Androgen,MRPS18A,3.9249358,9.547068e-19
41,Androgen,CBLL1,5.3254375,1.0845261e-18
42,Androgen,AFF3,2.4800925,1.6895339e-18
43,Androgen,SGK1,12.816842,2.0550632e-18
44,Androgen,STK39,6.9341245,2.0842888e-18
45,Androgen,PMEPA1,10.998912,2.1276132e-18
46,Androgen,MALT1,6.669782,2.3631977e-18
47,Androgen,CDK8,-4.2908683,2.5141321e-18
48,Androgen,CROT,4.358307,2.7247762e-18
49,Androgen,PGC,4.7496333,4.111454e-18
50,Androgen,STEAP4,9.19434,6.5170392e-18
51,Androgen,NSMAF,3.2845445,6.959565e-18
52,Androgen,GPR63,-3.2275932,1.3055475e-17
53,Androgen,TLL1,-2.463918,1.5940659e-17
54,Androgen,MAF,5.8638716,1.8056603e-17
55,Androgen,DHCR24,6.8430085,2.6801969e-17
56,Androgen,FRK,4.7002487,2.993022e-17
57,Androgen,CENPN,8.491016,3.502872e-17
58,Androgen,SORD,5.777566,3.587296e-17
59,Androgen,IQGAP2,5.1244836,5.286369e-17
60,Androgen,MPHOSPH9,5.106199,5.472691e-17
61,Androgen,HOXC13,-3.634256,8.3011055e-17
62,Androgen,CHRNA2,3.3317015,8.7228975e-17
63,Androgen,CTBP1,-2.8921719,9.908482e-17
64,Androgen,KLF15,2.832534,1.1234677e-16
65,Androgen,ACSL3,8.258214,1.1906092e-16
66,Androgen,TPD52,4.5457115,3.18136e-16
67,Androgen,SPDEF,3.7509513,3.4528427e-16
68,Androgen,FZD5,4.6866198,3.9533484e-16
69,Androgen,GRIK1,-1.6465135,6.5751377e-16
70,Androgen,CSGALNACT1,6.8460345,6.872221e-16
71,Androgen,DNASE2B,3.0113287,6.8904415e-16
72,Androgen,PHF8,1.8696449,1.2008573e-15
73,Androgen,ARHGEF26,5.31108,1.5748758e-15
74,Androgen,UAP1,7.6223593,1.8448894e-15
75,Androgen,ECI2,4.268102,2.0814583e-15
76,Androgen,ADPRM,4.1334887,2.4499952e-15
77,Androgen,GRHL2,4.295725,3.2368742e-15
78,Androgen,ENDOD1,6.5161524,3.3774988e-15
79,Androgen,NCAPD3,8.440902,7.147745e-15
80,Androgen,AZGP1,5.8183503,8.182884e-15
81,Androgen,ACP3,-3.014728,9.002913e-15
82,Androgen,TSPAN3,-3.0469482,1.1254765e-14
83,Androgen,IGF1,2.6801176,1.2751416e-14
84,Androgen,PDE9A,2.9002094,1.5912171e-14
85,Androgen,SYTL2,-5.3895364,1.7075361e-14
86,Androgen,PPP2CB,2.352618,2.7706334e-14
87,Androgen,MYNN,-2.9188044,2.8020414e-14
88,Androgen,RAB3B,4.3931,3.3149864e-14
89,Androgen,SEC14L2,4.3885274,3.44313e-14
90,Androgen,PSMD8,3.6573284,3.631305e-14
91,Androgen,UBE2J1,3.760021,3.795808e-14
92,Androgen,FUT8,-4.4059534,7.248718e-14
93,Androgen,PAK1IP1,7.6919317,9.4615965e-14
94,Androgen,MANEA,-4.0041466,1.1670115e-13
95,Androgen,GCG,-2.171336,1.2516297e-13
96,Androgen,SELENOP,6.3367805,1.2801464e-13
97,Androgen,TRPM8,3.8354187,1.4750217e-13
98,Androgen,SCAP,2.929211,1.5947097e-13
99,Androgen,MCCC2,2.8080049,2.008381e-13
100,EGFR,LZTFL1,-1.8738769,2.0809955e-18
101,EGFR,PHLDA2,3.5051384,2.0530624e-17
102,EGFR,DUSP6,12.6293125,6.537324e-17
103,EGFR,DUSP5,7.9430394,6.86669e-17
104,EGFR,PHLDA1,6.619626,3.4106933e-16
105,EGFR,CRIPT,-2.0449378,3.7781314e-16
106,EGFR,DUSP4,6.96718,5.4875056e-16
107,EGFR,EPHA2,5.4111843,6.199383e-16
108,EGFR,MCCC1,-2.1703236,3.2000062e-15
109,EGFR,HAS3,2.9237378,4.8987215e-15
110,EGFR,VAV3,-3.386485,5.049612e-15
111,EGFR,FOSL1,7.64783,6.806465e-15
112,EGFR,SENP7,-2.1103437,1.0328673e-14
113,EGFR,BZW1,2.746152,1.0816094e-14
114,EGFR,EGR4,2.9530764,3.1981003e-14
115,EGFR,POT1,-1.8333008,4.841246e-14
116,EGFR,LAMC2,3.9201157,6.321008e-14
117,EGFR,ATG2B,-1.6455804,7.2057045e-14
118,EGFR,NR1D2,-3.0832725,7.3112245e-14
119,EGFR,LARP7,-0.9170775,1.2447289e-13
120,EGFR,MYO1A,0.9947781,1.3820856e-13
121,EGFR,GOLPH3L,-2.741525,1.6256792e-13
122,EGFR,KIAA1522,-2.5069416,1.8561881e-13
123,EGFR,ADORA1,1.26781,2.6954093e-13
124,EGFR,RABGAP1,-1.2694002,2.6958142e-13
125,EGFR,SYF2,-1.4076358,3.137143e-13
126,EGFR,BBIP1,-1.1843189,3.592745e-13
127,EGFR,PCMTD2,-2.1953754,4.0342455e-13
128,EGFR,CHRNA10,0.6899809,4.6780494e-13
129,EGFR,MARF1,-2.2984686,4.765138e-13
130,EGFR,RETREG3,-2.1223178,5.5554975e-13
131,EGFR,PNP,4.64362,5.9753217e-13
132,EGFR,ATXN3,-1.2742786,6.11584e-13
133,EGFR,ETFDH,-1.6684587,6.390857e-13
134,EGFR,SPOCD1,4.2956896,6.905648e-13
135,EGFR,NBR1,-1.9972034,1.1358567e-12
136,EGFR,TRIB1,3.9177945,1.1973904e-12
137,EGFR,ELF2,-1.3429286,1.2698948e-12
138,EGFR,PLEK2,3.439257,1.4464429e-12
139,EGFR,CLDN8,-2.0187078,1.9898874e-12
140,EGFR,ZNF224,-1.3973099,2.0746794e-12
141,EGFR,CBARP,0.9794425,2.5590335e-12
142,EGFR,RNF146,-2.1708212,2.5825e-12
143,EGFR,EAPP,-2.2398996,2.724264e-12
144,EGFR,BSDC1,-1.269369,2.7954698e-12
145,EGFR,RAB33B,-1.7836428,3.0490757e-12
146,EGFR,MBTPS1,-1.4066014,3.4606664e-12
147,EGFR,MDFI,1.160109,4.0640113e-12
148,EGFR,KCNF1,1.5758758,4.139418e-12
149,EGFR,RBM48,-1.0537742,4.1642306e-12
150,EGFR,KLHDC2,-3.5939298,5.3362536e-12
151,EGFR,AEN,2.987403,5.3670657e-12
152,EGFR,PWP2,1.1724883,5.5922563e-12
153,EGFR,DYNC2LI1,-1.4302386,6.1040574e-12
154,EGFR,CCDC28A,-3.1018147,6.800547e-12
155,EGFR,EFHC1,-2.0346036,7.098563e-12
156,EGFR,XRCC3,1.4879571,7.443977e-12
157,EGFR,SPATA2L,1.7564976,7.557239e-12
158,EGFR,SLC45A3,1.9024389,8.612088e-12
159,EGFR,WDR19,-1.4937894,8.978148e-12
160,EGFR,TRH,0.77196467,9.4074635e-12
161,EGFR,TMEM59,-1.8640665,9.4245705e-12
162,EGFR,CEPT1,-0.99459374,1.2027885e-11
163,EGFR,ZNF75D,-1.3158195,1.4412897e-11
164,EGFR,TUBB4B,4.0845103,1.656305e-11
165,EGFR,HMOX2,1.719638,1.7181624e-11
166,EGFR,ODC1,4.6785507,1.727654e-11
167,EGFR,EXD3,0.7799245,1.7501037e-11
168,EGFR,RCOR3,-1.6707724,1.7571456e-11
169,EGFR,ZNF350,-1.2635001,2.1643723e-11
170,EGFR,DCAF13,1.434233,2.2202644e-11
171,EGFR,N4BP2L2,-1.5940146,2.3300353e-11
172,EGFR,AJUBA,-3.1932647,2.3959385e-11
173,EGFR,MMUT,-1.6908696,2.4575925e-11
174,EGFR,CFL1,1.3292454,2.778532e-11
175,EGFR,GPR75,1.0370395,2.8023842e-11
176,EGFR,TRIM52,-2.0121603,3.2450403e-11
177,EGFR,ZNF451,-1.0560069,4.214409e-11
178,EGFR,GRAMD1C,-2.797092,4.4443314e-11
179,EGFR,C2CD5,-1.939043,5.2456872e-11
180,EGFR,ZNF571,-1.9039669,6.067183e-11
181,EGFR,ZBED8,-3.1168487,6.2768506e-11
182,EGFR,PTHLH,3.6139767,6.995018e-11
183,EGFR,CARF,-1.601284,8.6728874e-11
184,EGFR,SH2D5,2.432133,8.678847e-11
185,EGFR,ZSCAN31,-3.1000917,8.8666095e-11
186,EGFR,MYEOV,1.7266325,9.2220696e-11
187,EGFR,PNISR,-1.595388,1.00011256e-10
188,EGFR,TTC33,-1.384409,1.024023e-10
189,EGFR,DSPP,2.350387,1.08195654e-10
190,EGFR,ANAPC16,-1.8210183,1.1932676e-10
191,EGFR,EGR3,6.2714157,1.2871065e-10
192,EGFR,FOXN3,-1.679543,1.2927046e-10
193,EGFR,PEX1,-1.6616625,1.4416772e-10
194,EGFR,TOMM34,1.8059788,1.5100002e-10
195,EGFR,ABHD18,-1.2730325,1.5579052e-10
196,EGFR,NPNT,-1.871356,1.6012182e-10
197,EGFR,SUDS3,-2.1953197,1.609849e-10
198,EGFR,GABARAPL1,-2.9596434,1.6825617e-10
199,EGFR,AUH,-2.1940036,1.7036464e-10
200,Estrogen,GREB1,17.240173,0.0
201,Estrogen,RET,10.718027,0.0
202,Estrogen,TFF1,14.430255,0.0
203,Estrogen,HEY2,11.482369,3.1e-44
204,Estrogen,RAPGEFL1,10.544896,5.2e-43
205,Estrogen,PGR,8.528142,1.3755e-41
206,Estrogen,C5AR2,4.733054,2.3574293e-38
207,Estrogen,CXCL12,12.477674,3.0386493e-36
208,Estrogen,TPD52L1,10.085513,1.9321148e-34
209,Estrogen,NPY1R,10.664506,1.577994e-33
210,Estrogen,MYB,9.42778,9.916281e-32
211,Estrogen,CALCR,5.3962736,9.4284935e-31
212,Estrogen,IL17RB,11.418986,1.0921676e-29
213,Estrogen,SNX24,6.899356,2.9917348e-29
214,Estrogen,ARL3,3.950948,5.3211422e-27
215,Estrogen,TGFB3,-5.330268,1.6415908e-25
216,Estrogen,OLFM1,3.752433,1.0493888e-24
217,Estrogen,NKAIN1,4.7315454,1.6800956e-24
218,Estrogen,FKBP4,8.25833,3.7141094e-24
219,Estrogen,IGFBP4,11.651491,5.1966137e-24
220,Estrogen,ERBB3,-4.8807406,5.7145325e-24
221,Estrogen,CTNND2,-3.5546641,1.4850608e-23
222,Estrogen,SIAH2,9.436761,3.4326247e-23
223,Estrogen,SLC22A5,7.7382956,4.6545775e-23
224,Estrogen,NR5A2,5.150062,2.4505926e-21
225,Estrogen,MSMB,4.549081,3.0128602e-21
226,Estrogen,ELOVL2,8.690577,3.1037725e-21
227,Estrogen,COMT,-3.0546858,5.2539863e-21
228,Estrogen,CELSR2,8.669144,2.3706749e-20
229,Estrogen,EPS15L1,3.1416445,2.6813803e-20
230,Estrogen,GLA,8.441858,1.7579223e-19
231,Estrogen,DSCAM,4.14288,2.869269e-19
232,Estrogen,ABCC5,-4.8549876,5.5361523e-19
233,Estrogen,PRSS23,8.755223,6.9923697e-19
234,Estrogen,RLN2,6.718523,5.2149213e-18
235,Estrogen,SLC25A24,3.6654816,5.6036676e-18
236,Estrogen,DEPTOR,7.4637785,2.9651272e-17
237,Estrogen,NRIP1,10.020011,3.4535863e-17
238,Estrogen,PCP4,6.365201,4.7761127e-17
239,Estrogen,ARMCX6,3.3639023,1.043481e-16
240,Estrogen,MISP,-4.3341684,1.286119e-16
241,Estrogen,CA12,8.413578,1.5796897e-16
242,Estrogen,EPB41L5,-3.4345114,1.8736972e-16
243,Estrogen,MYO1B,-5.474189,1.9264342e-16
244,Estrogen,SH3BP4,-4.8777423,2.2083548e-16
245,Estrogen,RNF43,-5.4159875,4.1440632e-16
246,Estrogen,TASOR2,4.935767,4.3494848e-16
247,Estrogen,DDX10,4.626958,5.029982e-16
248,Estrogen,MED13L,3.8374107,5.9603136e-16
249,Estrogen,UPK2,-3.3869224,7.3962615e-16
250,Estrogen,ADORA1,5.0237923,1.1241223e-15
251,Estrogen,KCNJ3,-2.982071,2.1743967e-15
252,Estrogen,ASB13,6.9939427,2.8647378e-15
253,Estrogen,PLPP2,-4.4747605,3.5219865e-15
254,Estrogen,CEP43,2.4684095,3.591259e-15
255,Estrogen,IL1R1,-6.8662496,4.027253e-15
256,Estrogen,XBP1,5.7153087,4.054296e-15
257,Estrogen,CAP2,5.011547,6.899049e-15
258,Estrogen,RHBDF1,-3.6584685,1.0258252e-14
259,Estrogen,ZNF552,2.8866172,2.1365566e-14
260,Estrogen,CAB39L,-4.126312,2.2082996e-14
261,Estrogen,RAB27B,-5.889146,2.7113636e-14
262,Estrogen,PLAC1,5.067116,3.093024e-14
263,Estrogen,RAB9A,-6.007773,1.0146319e-13
264,Estrogen,HDAC7,-2.037488,1.4671032e-13
265,Estrogen,ZDHHC7,-4.8309326,3.3001724e-13
266,Estrogen,SIDT1,-4.2320466,4.448405e-13
267,Estrogen,RARA,3.0215802,5.513051e-13
268,Estrogen,FAM102A,5.7608385,5.784984e-13
269,Estrogen,WWC1,5.587438,7.034255e-13
270,Estrogen,ELF5,-3.2164443,1.2319536e-12
271,Estrogen,CTR9,4.823182,1.4918313e-12
272,Estrogen,KIAA0513,-3.6231549,1.4924883e-12
273,Estrogen,SEC14L2,5.239078,1.5237945e-12
274,Estrogen,MYH14,-2.1365461,2.2263632e-12
275,Estrogen,MPPED2,3.9150217,2.2657488e-12
276,Estrogen,RBBP8,6.834003,2.5389584e-12
277,Estrogen,TLE1,-4.1021724,2.6296823e-12
278,Estrogen,TMEM135,-3.5032015,2.7185884e-12
279,Estrogen,FRK,4.9003773,3.957082e-12
280,Estrogen,ADCY9,3.247882,4.045274e-12
281,Estrogen,EGR3,16.077698,4.549578e-12
282,Estrogen,TIAM1,4.4734836,4.8767e-12
283,Estrogen,CASP9,-2.4353883,4.8914995e-12
284,Estrogen,CLDN9,-2.0848145,7.587571e-12
285,Estrogen,WFS1,4.2163954,8.664604e-12
286,Estrogen,SLC7A5,11.224069,8.831471e-12
287,Estrogen,PPIF,10.130802,9.094633e-12
288,Estrogen,CLDN4,-3.828217,9.189777e-12
289,Estrogen,GATA3,-6.0046873,9.25937e-12
290,Estrogen,RCL1,4.2192473,1.0870539e-11
291,Estrogen,PIK3R3,-5.497496,1.1168591e-11
292,Estrogen,SLC9A1,-2.5944266,1.1574206e-11
293,Estrogen,SDK2,1.8770462,1.1889739e-11
294,Estrogen,TACC1,-3.3748674,1.8333257e-11
295,Estrogen,ATP2A3,-2.8820257,1.8503218e-11
296,Estrogen,ESR1,-1.3044524,2.0958908e-11
297,Estrogen,KCNK5,4.656828,2.1382467e-11
298,Estrogen,SGCG,-4.1818132,2.2788911e-11
299,Estrogen,STC2,10.286052,2.2990944e-11
300,Hypoxia,FAM162A,8.335551,0.0
301,Hypoxia,NDRG1,22.08712,0.0
302,Hypoxia,ENO2,14.32694,0.0
303,Hypoxia,PDK1,13.120449,0.0
304,Hypoxia,ANKRD37,8.484976,0.0
305,Hypoxia,BNIP3L,14.120302,0.0
306,Hypoxia,ANKZF1,7.358163,0.0
307,Hypoxia,KDM3A,10.850753,1e-45
308,Hypoxia,INSIG2,13.562194,1e-45
309,Hypoxia,FUT11,11.170582,1e-45
310,Hypoxia,EGLN1,9.59445,4e-45
311,Hypoxia,GBE1,9.711499,4e-45
312,Hypoxia,PFKFB4,8.94027,4e-45
313,Hypoxia,PGK1,9.993992,1e-43
314,Hypoxia,HILPDA,16.707123,1.04e-43
315,Hypoxia,PLOD2,13.600144,1.22e-43
316,Hypoxia,RLF,7.0702853,1.39e-43
317,Hypoxia,ALDOC,13.161524,8.028e-42
318,Hypoxia,ERO1A,9.698198,1.12145e-40
319,Hypoxia,ALDOA,7.654678,2.45053e-40
320,Hypoxia,BNIP3,19.417974,6.84655e-40
321,Hypoxia,GPI,8.549581,8.57955e-40
322,Hypoxia,PLOD1,6.6102247,9.490972e-39
323,Hypoxia,SLC2A1,8.679154,1.2096834e-38
324,Hypoxia,KDM4B,3.6502094,1.4937721e-38
325,Hypoxia,ZNF395,8.060934,1.8327517e-38
326,Hypoxia,P4HA1,11.0676565,2.1186164e-36
327,Hypoxia,PPFIA4,10.837615,2.5442933e-36
328,Hypoxia,EGLN3,11.655728,2.3459014e-35
329,Hypoxia,VLDLR,10.266335,9.347068e-35
330,Hypoxia,VEGFA,10.612899,9.984956e-35
331,Hypoxia,EFNA3,4.21174,8.149923e-34
332,Hypoxia,PFKFB3,14.547192,1.763495e-33
333,Hypoxia,MXI1,10.860922,2.3351807e-33
334,Hypoxia,WDR45B,4.504362,3.5713807e-33
335,Hypoxia,WSB1,7.0242243,4.9814817e-33
336,Hypoxia,LDHA,7.6534505,1.1760701e-32
337,Hypoxia,AK4,9.693024,1.4415428e-32
338,Hypoxia,NCKIPSD,2.3369825,1.5579535e-32
339,Hypoxia,PGM1,7.8858347,8.0897333e-32
340,Hypoxia,SLC25A36,5.329044,1.2386252e-30
341,Hypoxia,YEATS2,5.3531275,1.9457902e-30
342,Hypoxia,ANGPTL4,12.640691,2.03186e-30
343,Hypoxia,TMEM45A,17.8768,2.2225952e-30
344,Hypoxia,NGLY1,3.5046086,2.7053869e-30
345,Hypoxia,VKORC1,5.4194336,5.9115265e-30
346,Hypoxia,SEC61G,4.7411127,3.8564286e-29
347,Hypoxia,ENO1,6.103863,4.3102752e-29
348,Hypoxia,C8orf58,3.1078715,7.005177e-29
349,Hypoxia,C4orf47,6.053301,3.3084421e-28
350,Hypoxia,MAPK7,2.6319046,3.8371564e-28
351,Hypoxia,PDK3,4.3997507,4.605345e-28
352,Hypoxia,CA9,13.961068,4.639828e-28
353,Hypoxia,ZNF292,6.023938,2.1916665e-27
354,Hypoxia,GAPDH,5.0465527,2.9127924e-27
355,Hypoxia,PFKP,9.233201,3.6729048e-27
356,Hypoxia,NRN1,6.7275167,1.02377644e-26
357,Hypoxia,SPAG4,10.213072,1.7278721e-26
358,Hypoxia,RIOK3,3.7303014,1.9677816e-26
359,Hypoxia,P4HA2,6.2803435,2.0225965e-26
360,Hypoxia,C4orf3,7.4379187,2.795219e-26
361,Hypoxia,ZNF160,2.7139242,1.6734005e-25
362,Hypoxia,WDR54,5.695502,1.6870152e-25
363,Hypoxia,MPI,3.5021653,2.1376957e-25
364,Hypoxia,CLK3,3.5640137,2.5447654e-25
365,Hypoxia,PFKL,3.5446165,2.7698112e-25
366,Hypoxia,ADM,17.825697,5.0502594e-25
367,Hypoxia,NOL3,3.9380295,5.994442e-25
368,Hypoxia,DARS1,3.670816,6.511082e-25
369,Hypoxia,PKM,4.7451797,7.276032e-25
370,Hypoxia,PGAM1,6.378265,7.456233e-25
371,Hypoxia,RAB20,4.2562604,1.1340831e-24
372,Hypoxia,SAP30,2.905751,1.5278077e-24
373,Hypoxia,LOX,7.461208,1.6621644e-24
374,Hypoxia,RBPJ,3.8514566,1.8306507e-24
375,Hypoxia,CRKL,2.5547342,2.2712254e-24
376,Hypoxia,NARF,4.095149,4.7307302e-24
377,Hypoxia,FBXO42,2.2572289,5.397749e-24
378,Hypoxia,RORA,4.508772,7.1806474e-24
379,Hypoxia,GYS1,4.9228635,1.3436486e-23
380,Hypoxia,RNF24,3.853059,3.469669e-23
381,Hypoxia,ZNF654,4.288062,3.6570796e-23
382,Hypoxia,PRSS53,1.9745063,4.0507455e-23
383,Hypoxia,FAM13A,5.0941796,6.6763804e-23
384,Hypoxia,POP4,-2.3144126,7.0824954e-23
385,Hypoxia,ZMPSTE24,-4.39234,1.3314466e-22
386,Hypoxia,PPP2R5B,3.4825833,1.52885e-22
387,Hypoxia,PAM,6.2642965,1.9949561e-22
388,Hypoxia,ZBTB25,3.4190588,2.1811492e-22
389,Hypoxia,TMX2,-3.697944,2.8849277e-22
390,Hypoxia,FLAD1,-3.2942166,3.8671976e-22
391,Hypoxia,CCNG2,7.3258405,5.8142704e-22
392,Hypoxia,QRSL1,-2.245298,6.844876e-22
393,Hypoxia,LOXL2,4.608768,7.2739584e-22
394,Hypoxia,DOLK,-3.4641716,1.0502602e-21
395,Hypoxia,KDM4C,2.258151,1.0592133e-21
396,Hypoxia,BCKDK,2.6450388,1.5261736e-21
397,Hypoxia,TBC1D9B,2.7205868,1.8674545e-21
398,Hypoxia,TPI1,3.7553823,2.2955524e-21
399,Hypoxia,STC2,8.036666,2.9325017e-21
400,JAK-STAT,OAS1,15.028714,1.058e-41
401,JAK-STAT,HERC6,8.769676,1.3450407e-38
402,JAK-STAT,OAS3,10.618842,1.2143582e-37
403,JAK-STAT,PLSCR1,8.481604,8.955206e-37
404,JAK-STAT,DDX60,12.198234,9.150971e-36
405,JAK-STAT,TRIM21,6.674188,1.2992654e-35
406,JAK-STAT,SP110,8.678713,2.1482558e-35
407,JAK-STAT,RIGI,12.965378,2.6504063e-35
408,JAK-STAT,RSAD2,22.898727,2.8011333e-35
409,JAK-STAT,STAT1,9.083937,3.5290556e-35
410,JAK-STAT,IFI44,12.450863,3.5348533e-35
411,JAK-STAT,IFIT1,27.851362,4.3554486e-34
412,JAK-STAT,IFI44L,18.867155,7.4630515e-34
413,JAK-STAT,OAS2,9.624826,1.0109572e-33
414,JAK-STAT,SP100,4.476509,1.0687981e-33
415,JAK-STAT,IFI35,10.598536,6.1554185e-33
416,JAK-STAT,MX2,11.818703,3.850784e-32
417,JAK-STAT,SAMHD1,7.133445,7.630416e-32
418,JAK-STAT,ISG15,20.039034,1.1613552e-31
419,JAK-STAT,DDX60L,7.202283,1.5558851e-31
420,JAK-STAT,IFI6,12.579695,8.6865986e-30
421,JAK-STAT,NMI,7.4326544,1.7514345e-29
422,JAK-STAT,USP18,12.178012,5.019336e-29
423,JAK-STAT,IFIT3,20.592306,5.589977e-29
424,JAK-STAT,IFI16,7.2845135,7.175708e-29
425,JAK-STAT,SAMD9,10.426219,8.974359e-29
426,JAK-STAT,EIF2AK2,5.7230163,2.2188945e-28
427,JAK-STAT,XAF1,8.780286,2.4039455e-28
428,JAK-STAT,MX1,19.38413,2.9048549e-28
429,JAK-STAT,BST2,8.104994,1.5063849e-27
430,JAK-STAT,IFIH1,8.3476925,2.3786055e-27
431,JAK-STAT,SLC25A28,3.9334617,4.074779e-27
432,JAK-STAT,SHFL,5.478126,3.4227867e-26
433,JAK-STAT,RTP4,9.451139,9.228591e-26
434,JAK-STAT,TDRD7,6.566647,1.30434e-25
435,JAK-STAT,IFI27,11.202655,1.6271745e-25
436,JAK-STAT,IFIT5,7.948069,2.3513524e-24
437,JAK-STAT,IFITM1,13.943094,2.4538376e-24
438,JAK-STAT,UBE2L6,8.215585,2.48256e-24
439,JAK-STAT,PML,3.6085253,4.9641273e-24
440,JAK-STAT,BATF2,8.613495,1.10851476e-23
441,JAK-STAT,EPSTI1,12.081617,1.2243236e-23
442,JAK-STAT,APOL2,3.6560576,3.1265467e-23
443,JAK-STAT,OASL,12.710727,6.5923314e-23
444,JAK-STAT,LAP3,7.3849587,9.215799e-23
445,JAK-STAT,SLC15A3,4.2607393,1.2184965e-22
446,JAK-STAT,IRF7,8.069374,3.0827265e-22
447,JAK-STAT,DHX58,4.909942,3.5634617e-22
448,JAK-STAT,HELZ2,4.7621517,5.9906395e-22
449,JAK-STAT,ADAR,3.874929,8.836425e-22
450,JAK-STAT,PARP14,6.397284,9.036225e-22
451,JAK-STAT,TMEM62,2.3069353,1.4169631e-21
452,JAK-STAT,TRIM14,3.0379589,2.3957784e-21
453,JAK-STAT,SECTM1,5.99323,9.93619e-21
454,JAK-STAT,RNF114,2.4915676,1.5191586e-20
455,JAK-STAT,APOL6,6.4749207,3.343418e-20
456,JAK-STAT,ETV7,4.779528,4.464608e-20
457,JAK-STAT,TAP2,3.5922604,7.766066e-20
458,JAK-STAT,IFIT2,16.187145,1.5243716e-19
459,JAK-STAT,PARP9,8.715152,1.6221396e-19
460,JAK-STAT,IRF9,7.526584,2.009013e-19
461,JAK-STAT,PHF11,3.8617313,2.454728e-19
462,JAK-STAT,TAP1,9.777638,3.0574875e-19
463,JAK-STAT,TRIM5,3.4234903,3.401332e-19
464,JAK-STAT,PSMB8,5.869684,6.40962e-19
465,JAK-STAT,TRIM38,3.492726,8.865118e-19
466,JAK-STAT,APOL4,2.5144656,1.6922831e-18
467,JAK-STAT,PARP12,6.944101,1.9598725e-18
468,JAK-STAT,SAMD9L,10.562899,2.237291e-18
469,JAK-STAT,APOBEC3G,2.8264632,2.4538505e-18
470,JAK-STAT,CMTR1,2.7808604,1.6615177e-17
471,JAK-STAT,HERC5,9.119642,1.8051379e-17
472,JAK-STAT,STAT2,4.1471763,2.481096e-17
473,JAK-STAT,OGFR,2.042478,2.7911506e-17
474,JAK-STAT,GBP1,10.398686,5.654091e-17
475,JAK-STAT,MYD88,4.3044305,7.772023e-17
476,JAK-STAT,TRIM22,10.567457,1.0272563e-16
477,JAK-STAT,TMEM140,5.107141,2.228238e-16
478,JAK-STAT,RNF213,4.937516,4.1088e-16
479,JAK-STAT,CMPK2,15.928771,4.5552585e-16
480,JAK-STAT,LAMP3,9.97323,8.3692154e-16
481,JAK-STAT,NLRC5,6.5468454,1.5343539e-15
482,JAK-STAT,TRANK1,3.5888746,3.300041e-15
483,JAK-STAT,ZBP1,1.9414515,3.6074252e-15
484,JAK-STAT,PRKD2,2.155495,3.76652e-15
485,JAK-STAT,APOL1,5.347499,4.008821e-15
486,JAK-STAT,PSMB9,8.158511,4.4239743e-15
487,JAK-STAT,GBP4,8.084658,9.209428e-15
488,JAK-STAT,CYP2J2,2.0935776,9.793793e-15
489,JAK-STAT,TRIM25,3.414131,1.0240423e-14
490,JAK-STAT,ZC3HAV1,5.133727,2.9736142e-14
491,JAK-STAT,ZNFX1,6.4963984,2.984272e-14
492,JAK-STAT,DTX3L,8.358418,3.19491e-14
493,JAK-STAT,CNP,2.9606566,5.351057e-14
494,JAK-STAT,SP140L,2.3378632,5.5599226e-14
495,JAK-STAT,APOL3,4.8450074,6.325229e-14
496,JAK-STAT,CXCL11,15.007663,1.7969766e-13
497,JAK-STAT,PLSCR2,1.5066712,1.9060662e-13
498,JAK-STAT,CASP4,2.4265776,2.1574546e-13
499,JAK-STAT,IL22RA1,1.820617,3.4466695e-13
500,MAPK,DUSP6,16.859016,0.0
501,MAPK,SPRED2,3.5018346,0.0
502,MAPK,SPRY2,9.481585,9.19e-43
503,MAPK,ETV5,5.9887094,6.7425e-41
504,MAPK,EPHA2,6.3140125,3.7492e-40
505,MAPK,PHLDA2,3.8582387,4.639783e-39
506,MAPK,FOSL1,9.000523,8.124494e-38
507,MAPK,SPRY4,10.1144705,4.2713133e-37
508,MAPK,DUSP4,7.804816,8.241912e-37
509,MAPK,SLCO4A1,4.084538,3.7465224e-33
510,MAPK,ETV4,5.293784,1.4835672e-32
511,MAPK,PHLDA1,7.045289,1.5610634e-32
512,MAPK,ETV1,3.5634649,6.9725543e-31
513,MAPK,TMEM59,-2.264273,1.017204e-30
514,MAPK,SLC20A1,6.810353,1.8415904e-30
515,MAPK,DUSP5,7.92003,1.9954205e-30
516,MAPK,STX1A,2.2151513,2.0170821e-30
517,MAPK,ELK3,2.9961405,6.0206507e-30
518,MAPK,NT5E,5.8388815,2.3197464e-29
519,MAPK,PHC2,2.395401,5.0513995e-29
520,MAPK,C11orf71,-2.3667576,1.480967e-28
521,MAPK,GABARAP,-2.9616637,5.837243e-28
522,MAPK,SPRED1,6.209948,1.1146543e-27
523,MAPK,TCOF1,2.2115781,4.9168175e-27
524,MAPK,BZW1,2.7810855,5.730167e-27
525,MAPK,CCND1,6.2630115,1.6304233e-26
526,MAPK,AREG,4.9322863,1.6508035e-26
527,MAPK,UBA2,2.0798786,3.1811096e-26
528,MAPK,TNFRSF10A,5.173044,4.989937e-26
529,MAPK,PWP2,1.3322122,1.0742403e-25
530,MAPK,PNP,4.910464,1.1879861e-25
531,MAPK,ECH1,-2.289742,1.3322594e-25
532,MAPK,SH3BGRL,-2.7234466,1.5580002e-25
533,MAPK,PBLD,-1.9776838,1.6421456e-25
534,MAPK,TRIB1,4.182943,1.7372522e-25
535,MAPK,GPR3,1.6308292,1.9488752e-25
536,MAPK,NNT,-1.8197283,2.1856451e-25
537,MAPK,HMGA2,3.727971,3.083402e-25
538,MAPK,POLR3G,2.829484,3.7767902e-25
539,MAPK,STX8,-1.1064065,7.3697215e-25
540,MAPK,YRDC,3.6256464,7.824099e-25
541,MAPK,DCBLD2,3.3715158,1.0690378e-24
542,MAPK,SCPEP1,-1.9325651,1.572076e-24
543,MAPK,SLC35F2,2.850982,1.8916293e-24
544,MAPK,BDH2,-2.4965909,1.945158e-24
545,MAPK,ASB8,-1.6939962,2.0295516e-24
546,MAPK,LRP8,4.5130043,2.4335615e-24
547,MAPK,PIK3C2B,-2.7526865,4.871938e-24
548,MAPK,AEN,3.2161183,4.926536e-24
549,MAPK,DAZAP2,-1.407795,9.264581e-24
550,MAPK,TOP1,3.6334088,1.0560245e-23
551,MAPK,ENTR1,1.5641537,1.457893e-23
552,MAPK,TRIM52,-2.2011905,2.0619289e-23
553,MAPK,CDCA4,3.0102813,5.203472e-23
554,MAPK,TNS3,-2.7264638,5.366733e-23
555,MAPK,TMUB2,-1.6738162,5.680872e-23
556,MAPK,FERMT1,2.3337047,6.622991e-23
557,MAPK,ARHGEF17,-1.3968911,7.666638e-23
558,MAPK,SLC4A7,2.709495,8.9339166e-23
559,MAPK,MAN2B2,-1.9176061,1.01452094e-22
560,MAPK,PRCP,-1.2786845,1.3412307e-22
561,MAPK,GRPEL1,2.6694686,2.0759603e-22
562,MAPK,SIRT2,-1.3232832,2.07701e-22
563,MAPK,RAB26,-3.4389782,2.1982605e-22
564,MAPK,XRCC3,1.5437566,2.2890196e-22
565,MAPK,E2F3,2.0343485,2.5174258e-22
566,MAPK,PRNP,2.5973108,2.9958996e-22
567,MAPK,FAM149B1,-1.3423424,3.549593e-22
568,MAPK,SIDT2,-2.7527108,4.14923e-22
569,MAPK,LAMB2,-2.3928797,5.964444e-22
570,MAPK,LDLR,3.073911,6.6829125e-22
571,MAPK,ZBTB3,-1.5691639,7.922223e-22
572,MAPK,MCL1,3.012865,9.069999e-22
573,MAPK,ZSCAN31,-3.3278642,9.534594e-22
574,MAPK,WDR3,2.2991152,1.0926322e-21
575,MAPK,RAB5B,-2.0804505,1.1406869e-21
576,MAPK,CBFB,2.3399982,1.3728487e-21
577,MAPK,MCMBP,1.8875507,1.5145893e-21
578,MAPK,MCCC1,-1.9226763,1.7008354e-21
579,MAPK,SRP14,-1.5944123,1.827484e-21
580,MAPK,SPG11,-1.3378837,1.923141e-21
581,MAPK,MIER2,0.95664036,1.9280936e-21
582,MAPK,KRR1,1.4617072,1.968041e-21
583,MAPK,NUP50,1.7747108,2.1147529e-21
584,MAPK,GATAD2A,1.3592381,2.1265923e-21
585,MAPK,BRIX1,2.866749,2.1998206e-21
586,MAPK,FMO5,-1.4972416,2.2580169e-21
587,MAPK,MGST3,-1.4528316,2.5961037e-21
588,MAPK,KIAA1522,-2.2998986,2.6147442e-21
589,MAPK,UBASH3B,4.967624,2.8480333e-21
590,MAPK,DUSP7,2.4525082,2.916364e-21
591,MAPK,PBX1,-2.9996133,2.9459832e-21
592,MAPK,RNF138,2.3557422,3.509782e-21
593,MAPK,KMT5A,1.7409748,3.871067e-21
594,MAPK,STK17A,2.9405668,4.3083395e-21
595,MAPK,SMURF2,3.0301619,4.337178e-21
596,MAPK,HMGA1,2.8687057,4.961612e-21
597,MAPK,MPHOSPH6,2.2426217,5.0107366e-21
598,MAPK,PALS2,2.2426217,5.0107366e-21
599,MAPK,DNASE2,-1.8218204,5.062338e-21
600,NFkB,NFKB1,9.513637,0.0
601,NFkB,CXCL3,22.946114,0.0
602,NFkB,NFKB2,5.5155754,0.0
603,NFkB,NFKBIA,11.444533,0.0
604,NFkB,BCL2A1,14.416924,0.0
605,NFkB,BIRC3,12.457612,0.0
606,NFkB,CXCL2,9.40346,0.0
607,NFkB,NFKBIE,8.211833,0.0
608,NFkB,TNFAIP2,10.910808,0.0
609,NFkB,WTAP,3.7666345,0.0
610,NFkB,SLC2A6,9.729988,0.0
611,NFkB,ICAM1,18.369385,0.0
612,NFkB,CCL20,36.697308,0.0
613,NFkB,NINJ1,8.012251,0.0
614,NFkB,TNFAIP3,28.373753,0.0
615,NFkB,CXCL8,38.51793,0.0
616,NFkB,IL6,21.770636,0.0
617,NFkB,RELB,7.779222,0.0
618,NFkB,CD83,10.451371,3e-45
619,NFkB,TICAM1,3.4920847,4e-45
620,NFkB,CXCL1,23.421858,2.17e-43
621,NFkB,RIPK2,5.979752,6.36e-43
622,NFkB,INHBA,12.467593,1.163e-42
623,NFkB,CSF2,5.9035263,1.1935e-41
624,NFkB,TNIP1,6.1347265,3.7485e-41
625,NFkB,DRAM1,9.5477,8.6516e-41
626,NFkB,TRAF1,10.335577,1.08204e-40
627,NFkB,IRAK2,5.3433914,1.27426e-40
628,NFkB,TLR2,5.41422,1.42385e-40
629,NFkB,TNF,18.639261,1.197007e-39
630,NFkB,MSC,6.3592067,1.698475e-39
631,NFkB,IKBKE,3.341127,6.458264e-39
632,NFkB,GCH1,14.026044,1.4585597e-38
633,NFkB,CXCL5,7.179648,1.5622712e-38
634,NFkB,IL1A,8.111291,2.8864094e-38
635,NFkB,BID,4.7298236,9.604889e-38
636,NFkB,PTX3,21.247896,4.4825368e-37
637,NFkB,EHD1,5.8716073,5.2187207e-37
638,NFkB,CFLAR,4.0167117,7.0305884e-37
639,NFkB,SDC4,8.1534,9.965918e-37
640,NFkB,TNIP2,3.3107274,1.9684017e-36
641,NFkB,TNFSF15,6.245847,6.5643396e-36
642,NFkB,IFNGR2,6.02201,1.4583131e-35
643,NFkB,MAP3K8,7.399205,3.2070562e-35
644,NFkB,IL1RN,5.15158,5.5841153e-35
645,NFkB,CYLD,2.7733142,9.606305e-35
646,NFkB,IL23A,2.0729048,4.0215434e-34
647,NFkB,IL36G,9.826406,4.592341e-34
648,NFkB,CCL2,17.565992,5.1522087e-34
649,NFkB,KYNU,6.404464,7.785275e-34
650,NFkB,STAT5A,3.986561,1.3308671e-33
651,NFkB,B4GALT1,2.5361986,3.739033e-33
652,NFkB,IL1B,21.65593,7.856595e-33
653,NFkB,TNIP3,8.259341,8.303439e-33
654,NFkB,IFNAR2,4.683319,1.6428708e-32
655,NFkB,HIVEP1,3.9997149,2.9744794e-32
656,NFkB,NKX3-1,2.3729832,5.5894756e-32
657,NFkB,CFB,6.31352,3.0414466e-31
658,NFkB,TRIP10,4.1675615,3.4272772e-31
659,NFkB,CSF3,4.9031844,3.613123e-31
660,NFkB,IRF1,12.6980095,4.297141e-31
661,NFkB,TNFRSF9,5.996059,6.7114573e-31
662,NFkB,CXCL6,8.725402,7.477986e-31
663,NFkB,NFKBIZ,15.123816,8.2008495e-31
664,NFkB,CD40,3.5202136,1.5418153e-30
665,NFkB,OLR1,7.8420105,2.0953292e-30
666,NFkB,EFNA1,11.433295,3.0206502e-30
667,NFkB,C11orf96,4.566226,4.276703e-30
668,NFkB,LTB,3.187569,5.387486e-30
669,NFkB,EBI3,7.546185,5.8337027e-30
670,NFkB,IL7R,8.813313,9.4692e-30
671,NFkB,UBE2Z,2.152933,1.4381695e-29
672,NFkB,SOCS3,4.5119147,1.823548e-29
673,NFkB,ELOVL7,8.792116,3.3267903e-29
674,NFkB,TIFA,5.1441126,4.1627637e-29
675,NFkB,REL,4.7099724,9.255188e-29
676,NFkB,IL32,10.452316,1.1943348e-28
677,NFkB,NFKBIB,2.0655959,2.538534e-28
678,NFkB,STX11,4.5252323,2.9929185e-28
679,NFkB,KMO,3.974235,5.0059e-28
680,NFkB,ANKLE2,2.2119763,7.6826506e-28
681,NFkB,NECAP2,2.4427936,4.751083e-27
682,NFkB,TNFAIP8,4.936824,6.037807e-27
683,NFkB,TNFAIP6,19.182264,1.1199869e-26
684,NFkB,PPP4R4,2.4274716,1.2821098e-26
685,NFkB,RNF19B,6.7070045,1.6755238e-26
686,NFkB,HIVEP2,3.9514267,2.2963319e-26
687,NFkB,SOD2,11.15615,3.63565e-26
688,NFkB,ANKRD33B,4.494299,8.823539e-26
689,NFkB,SGPP2,7.4169784,9.896991e-26
690,NFkB,BIRC2,4.0113792,1.1020653e-25
691,NFkB,CXCL11,15.834367,1.3652648e-25
692,NFkB,SLC11A2,2.6866481,2.0405034e-25
693,NFkB,PRDM1,4.4165325,2.136351e-25
694,NFkB,SLC41A2,4.9150066,2.26263e-25
695,NFkB,TMEM217,3.3538132,3.2613403e-25
696,NFkB,IL15,5.1465683,4.0711955e-25
697,NFkB,CD80,3.795615,4.9908123e-25
698,NFkB,MARCKS,4.761373,6.0416214e-25
699,NFkB,IFIH1,6.0420365,1.1635199e-24
700,PI3K,MLANA,-9.985743,1.84e-43
701,PI3K,PMEL,-6.5903482,6.8747866e-36
702,PI3K,FAXDC2,-12.421274,3.297515e-34
703,PI3K,HSD17B8,-8.601571,9.948224e-34
704,PI3K,CTSF,-9.172143,1.0235212e-31
705,PI3K,SPSB3,-6.5337286,1.2739464e-31
706,PI3K,ATP6V1G2,-7.237346,1.6426456e-31
707,PI3K,TYR,-5.076854,3.4585233e-31
708,PI3K,GNPTG,-6.9666095,6.0181104e-29
709,PI3K,INPP5K,-4.530098,6.3855297e-29
710,PI3K,WDR31,-3.9438388,6.880796e-29
711,PI3K,PEX11G,-4.4546137,7.153749e-29
712,PI3K,DHRS12,-3.4073498,1.4031042e-28
713,PI3K,NT5M,-3.9151306,6.6737926e-28
714,PI3K,PAEP,-3.8032277,7.687124e-28
715,PI3K,CREB3L4,-9.102652,1.0319698e-26
716,PI3K,UBALD2,-9.985377,1.115894e-26
717,PI3K,ING4,-7.700118,1.7126463e-26
718,PI3K,DERL3,-4.0336795,2.5384336e-26
719,PI3K,KRTAP19-1,-6.881952,1.1785932e-25
720,PI3K,SLC27A1,-8.329921,5.6792473e-25
721,PI3K,APOC1,-5.0613103,1.4584213e-24
722,PI3K,CCDC25,-4.3392715,3.1007434e-24
723,PI3K,FCGRT,-6.1702433,4.8728668e-24
724,PI3K,CDK5RAP3,-5.2547665,5.1776807e-24
725,PI3K,NENF,-2.8622334,8.5038425e-24
726,PI3K,DNAI4,-3.6271226,9.58215e-24
727,PI3K,YBX2,-4.4198575,1.8672601e-23
728,PI3K,TFDP2,-5.6735883,6.288925e-23
729,PI3K,AMIGO1,-6.000321,7.1548996e-23
730,PI3K,CA14,-4.8380404,7.6451634e-23
731,PI3K,CBX7,-6.43722,9.4861874e-23
732,PI3K,MCAM,5.1250825,1.5620364e-22
733,PI3K,CRYL1,-7.3330264,2.94477e-22
734,PI3K,RPS29,-5.844441,3.6055e-22
735,PI3K,SMIM19,-7.210559,3.8633914e-22
736,PI3K,SLC18A1,4.6520925,4.515641e-22
737,PI3K,FBXO25,-7.0330296,4.5168206e-22
738,PI3K,C5orf52,12.239809,5.4863885e-22
739,PI3K,TNNI3,-3.6721945,9.080341e-22
740,PI3K,S100A1,-3.988924,9.866218e-22
741,PI3K,TTC12,-3.184873,1.9456435e-21
742,PI3K,THNSL2,-4.318341,2.4191826e-21
743,PI3K,GAA,-5.367784,2.6430248e-21
744,PI3K,BAAT,-3.5575387,2.6500914e-21
745,PI3K,CTDSP1,-5.5675693,2.79312e-21
746,PI3K,LINC02915,5.811048,3.3183215e-21
747,PI3K,COQ8A,-6.388212,3.6104455e-21
748,PI3K,FCMR,-4.92688,4.074523e-21
749,PI3K,TBC1D15,-5.412631,4.692563e-21
750,PI3K,TSNARE1,-2.4315033,5.9457375e-21
751,PI3K,TMEM42,-7.989327,1.2215939e-20
752,PI3K,MYL5,-5.2382965,1.3524263e-20
753,PI3K,GEMIN8,-4.1331773,1.4521285e-20
754,PI3K,WIPI2,-3.1530662,1.7757023e-20
755,PI3K,MST1,-4.9868855,2.4048032e-20
756,PI3K,TRIM63,-5.528598,2.5215824e-20
757,PI3K,C11orf1,-3.3342729,2.6148834e-20
758,PI3K,MFGE8,-5.9015303,3.3192112e-20
759,PI3K,HSBP1L1,-6.893157,4.321988e-20
760,PI3K,FHIT,-4.615167,4.3431095e-20
761,PI3K,MIR1915HG,4.9527416,5.465088e-20
762,PI3K,RGS10,-3.8803973,7.2822907e-20
763,PI3K,GLI4,-3.0980704,8.7373046e-20
764,PI3K,VAMP5,-4.361074,9.730942e-20
765,PI3K,CYTL1,-4.865442,9.8446455e-20
766,PI3K,TPPP,-2.5431182,1.5640088e-19
767,PI3K,CAMLG,-5.795704,2.3110266e-19
768,PI3K,PSMG3-AS1,-8.013277,3.391266e-19
769,PI3K,CIR1,-5.0231614,3.4074227e-19
770,PI3K,DNAL4,-4.445867,4.5143697e-19
771,PI3K,LRRC23,-3.2932532,4.654497e-19
772,PI3K,METTL27,-4.549873,5.4783805e-19
773,PI3K,SLC26A4,-3.7388399,5.4954633e-19
774,PI3K,INO80C,4.1082177,5.7833025e-19
775,PI3K,AEBP1,-4.092611,8.225001e-19
776,PI3K,CREBRF,-10.446075,1.0738565e-18
777,PI3K,CCDC28A,-8.0606785,1.0784155e-18
778,PI3K,BEGAIN,-4.196477,1.4032586e-18
779,PI3K,COMMD6,-3.462439,1.5690685e-18
780,PI3K,ARSJ,7.061081,2.0100007e-18
781,PI3K,ZSCAN2,-3.1587434,2.398748e-18
782,PI3K,NR2E1,-2.721518,2.7521008e-18
783,PI3K,ZNF554,-2.6749783,3.918174e-18
784,PI3K,MRPL10,-4.871654,4.1739062e-18
785,PI3K,ZNF76,-2.7922559,6.565997e-18
786,PI3K,FBXO44,-3.999734,8.471679e-18
787,PI3K,GAREM2,-4.092739,1.016022e-17
788,PI3K,ALG14,4.416139,1.0753555e-17
789,PI3K,MAP1B,7.023693,1.0791793e-17
790,PI3K,CPXM1,-4.042038,1.3784498e-17
791,PI3K,ZNF396,-2.5380483,1.4208774e-17
792,PI3K,MROH6,-4.4189954,1.466829e-17
793,PI3K,CRBN,-6.8987174,1.7337987e-17
794,PI3K,ARL2,-4.9077334,1.8169502e-17
795,PI3K,PPP1R26,-3.724243,1.8517791e-17
796,PI3K,RNF44,-5.734313,2.90074e-17
797,PI3K,RTN2,-7.4856496,2.94802e-17
798,PI3K,ACBD4,-3.2096477,3.2537904e-17
799,PI3K,WHRN,-5.1520133,4.192168e-17
800,TGFb,LINC00312,4.428987,2.0074443e-17
801,TGFb,TSPAN2,5.502326,3.1451768e-16
802,TGFb,SMAD7,7.6311436,7.3087106e-16
803,TGFb,NOX4,5.913813,3.8292238e-15
804,TGFb,COL4A1,6.3374896,9.052501e-15
805,TGFb,CAVIN4,4.5973434,1.4718839e-14
806,TGFb,ID4,4.1699014,2.0173259e-14
807,TGFb,BMPR2,4.015505,2.0680652e-14
808,TGFb,SKIL,4.2741814,3.018291e-14
809,TGFb,RASL11B,2.7230098,3.058419e-14
810,TGFb,COMP,9.89925,6.7658085e-14
811,TGFb,LMCD1,5.6752815,1.3793755e-13
812,TGFb,MRAS,5.201967,1.810333e-13
813,TGFb,ID1,12.354288,2.5842523e-13
814,TGFb,SYT15,3.8577433,3.3302977e-13
815,TGFb,CILP,4.651004,5.305349e-13
816,TGFb,CNN1,4.953471,9.550735e-13
817,TGFb,ADAM12,3.9683046,1.1166909e-12
818,TGFb,ITGA11,3.3926976,4.9406048e-12
819,TGFb,COL5A1,5.221051,8.695975e-12
820,TGFb,MFAP4,5.8130383,9.458503e-12
821,TGFb,FSTL3,6.807359,1.0493784e-11
822,TGFb,IL11,6.3308964,1.1089839e-11
823,TGFb,ID3,10.481113,1.3422552e-11
824,TGFb,NINJ2,3.8756266,1.690265e-11
825,TGFb,PLN,2.7483232,1.7662373e-11
826,TGFb,BGN,3.23784,1.803697e-11
827,TGFb,CRLF1,4.825293,9.0227784e-11
828,TGFb,CALD1,3.0516355,1.0601213e-10
829,TGFb,MYOZ1,4.962475,1.06179635e-10
830,TGFb,COL4A2,4.221264,1.0810737e-10
831,TGFb,NOX1,-1.0457634,1.1306243e-10
832,TGFb,PMEPA1,8.096141,1.6940405e-10
833,TGFb,SAMD11,4.9830847,1.875566e-10
834,TGFb,COL1A1,3.566081,1.9617914e-10
835,TGFb,NUAK1,6.09543,3.1010808e-10
836,TGFb,ATP10A,2.784857,3.641401e-10
837,TGFb,CDH2,3.2883103,5.441731e-10
838,TGFb,LTBP2,4.372794,6.4366645e-10
839,TGFb,EFR3B,1.3343499,7.2013184e-10
840,TGFb,TPM1,4.5953608,7.663845e-10
841,TGFb,XYLT1,3.1977155,8.3474977e-10
842,TGFb,SLCO2A1,4.8697886,1.1172416e-09
843,TGFb,SYNDIG1,1.8364038,1.630406e-09
844,TGFb,GRIA3,1.0868126,1.692577e-09
845,TGFb,XRCC4,3.3772318,1.8091962e-09
846,TGFb,GDF5,-1.9395595,2.601077e-09
847,TGFb,RUSC2,2.3531795,3.032818e-09
848,TGFb,ACOX3,2.7215288,3.7381156e-09
849,TGFb,LECT2,2.9089513,3.948739e-09
850,TGFb,UNC5B,3.8338196,3.9944243e-09
851,TGFb,GALNT10,3.0470772,4.1878057e-09
852,TGFb,ACTC1,3.3374298,4.2318797e-09
853,TGFb,LRRC32,5.293596,5.489598e-09
854,TGFb,OPCML,4.467951,5.8979674e-09
855,TGFb,CLDN11,-3.6902833,6.4448273e-09
856,TGFb,PKNOX2,2.0484917,8.235212e-09
857,TGFb,RFLNB,7.30913,8.958361e-09
858,TGFb,LRRC15,2.3045952,9.231749e-09
859,TGFb,PODNL1,2.1489096,1.527433e-08
860,TGFb,DACT1,6.2208796,1.6389386e-08
861,TGFb,HSD17B6,4.7825274,1.8128013e-08
862,TGFb,GOPC,2.8545177,2.0785757e-08
863,TGFb,AK5,-3.3571324,2.2791156e-08
864,TGFb,RASD2,3.3845572,2.3972925e-08
865,TGFb,KIRREL3,2.5423856,2.8923731e-08
866,TGFb,SH3PXD2A,3.8797917,3.0059596e-08
867,TGFb,ABCA6,-3.2715368,3.2597757e-08
868,TGFb,FBLN5,4.9224854,3.5048863e-08
869,TGFb,MEX3B,3.9782925,3.9925077e-08
870,TGFb,C3orf80,4.8090377,4.066125e-08
871,TGFb,PLCB4,3.9338903,5.2570996e-08
872,TGFb,ISLR2,2.46806,5.4318445e-08
873,TGFb,YIPF5,2.8119364,5.9262316e-08
874,TGFb,MSR1,-1.7648382,5.9705e-08
875,TGFb,LRRN4CL,-3.7845151,6.285933e-08
876,TGFb,OLFM2,2.065376,6.6812554e-08
877,TGFb,CHST3,2.2218008,7.237924e-08
878,TGFb,TUFT1,6.010991,7.568085e-08
879,TGFb,SPHK1,6.0901117,8.20328e-08
880,TGFb,ABCA8,-1.7092451,9.26471e-08
881,TGFb,SEMA7A,3.894772,9.489278e-08
882,TGFb,P2RX1,2.7581382,9.7748554e-08
883,TGFb,RXFP1,-2.2777178,1.1969847e-07
884,TGFb,CDKN2B,3.373728,1.2375075e-07
885,TGFb,PAWR,2.5534344,1.2623507e-07
886,TGFb,SNAI1,3.568174,1.612204e-07
887,TGFb,LIMS2,2.2749467,1.6516967e-07
888,TGFb,TNFSF4,5.503893,1.700815e-07
889,TGFb,NEDD9,4.3611927,2.4489364e-07
890,TGFb,SMAD6,2.7982655,2.5205858e-07
891,TGFb,DGKI,2.2411437,2.6164867e-07
892,TGFb,BCOR,2.7357464,2.6412476e-07
893,TGFb,SGPL1,2.5839233,2.6479685e-07
894,TGFb,SMURF1,1.5381533,2.71553e-07
895,TGFb,SPECC1,2.5741138,2.7617486e-07
896,TGFb,ARFGAP1,2.0734012,2.9094528e-07
897,TGFb,UACA,2.6166468,3.160612e-07
898,TGFb,SLC16A2,3.1408992,3.1706102e-07
899,TGFb,DCBLD1,3.899011,3.1794e-07
900,TNFa,CSF2,8.35548,0.0
901,TNFa,CXCL5,10.0813675,0.0
902,TNFa,NFKBIE,10.356205,0.0
903,TNFa,TNFAIP3,35.40072,0.0
904,TNFa,EFNA1,18.63111,0.0
905,TNFa,IFNAR2,7.580701,0.0
906,TNFa,ICAM1,22.039341,0.0
907,TNFa,CXCL8,45.441826,0.0
908,TNFa,RELB,9.264594,0.0
909,TNFa,LTB,4.8273115,2.707e-42
910,TNFa,IL32,15.963619,4.8122e-41
911,TNFa,TLR2,7.0393577,5.9286e-41
912,TNFa,TNFAIP2,12.213727,1.86691e-40
913,TNFa,NFKBIA,12.5677,1.237065e-39
914,TNFa,BCL2A1,17.225008,2.215212e-39
915,TNFa,INHBA,15.563199,2.772434e-39
916,TNFa,IL36G,13.425175,2.4142136e-38
917,TNFa,SERPINA3,11.405799,3.2352117e-36
918,TNFa,PLAU,11.492884,6.1312405e-36
919,TNFa,CCL20,38.387966,8.99311e-36
920,TNFa,SLC2A6,10.249108,1.4907068e-34
921,TNFa,MRGPRX3,10.786211,2.8452556e-34
922,TNFa,NINJ1,8.560735,1.0692846e-33
923,TNFa,CXCL3,23.758106,3.145345e-32
924,TNFa,BIRC3,13.582046,1.2661132e-31
925,TNFa,IFNGR2,7.377789,1.5091865e-31
926,TNFa,TCIM,8.472724,2.176791e-31
927,TNFa,BID,5.6041317,4.0726694e-31
928,TNFa,CSF3,6.3431406,4.1198157e-31
929,TNFa,NFKB1,9.348958,1.2635966e-30
930,TNFa,CXCL2,8.95476,2.1061532e-30
931,TNFa,DRAM1,10.758252,4.374003e-30
932,TNFa,PPP4R4,3.3280547,5.0440835e-30
933,TNFa,CD83,11.002665,8.3629084e-30
934,TNFa,IKBKE,3.773163,6.21036e-29
935,TNFa,CLDN1,9.089955,2.3914426e-28
936,TNFa,C1QTNF1,5.7622914,3.396865e-28
937,TNFa,IRF1,15.650726,5.1694396e-28
938,TNFa,NKX3-1,2.8716328,1.0440505e-27
939,TNFa,TRIM47,5.244304,1.3030531e-26
940,TNFa,CXCL6,10.517614,1.5425247e-26
941,TNFa,TNIP1,6.4295945,4.4938642e-26
942,TNFa,MMP12,6.477017,5.911089e-26
943,TNFa,BMP2,8.582446,7.287226e-26
944,TNFa,CFB,7.4267354,1.5413325e-25
945,TNFa,CCL2,19.846182,1.7240385e-25
946,TNFa,TICAM1,3.4637566,2.6986084e-25
947,TNFa,CTHRC1,9.45956,3.4289863e-25
948,TNFa,IL6,19.703573,3.9717298e-25
949,TNFa,NFKB2,5.00245,1.3771278e-24
950,TNFa,SOD2,13.62311,3.432476e-24
951,TNFa,MMP9,12.5887575,3.832471e-24
952,TNFa,RHCG,3.1016004,1.0873911e-23
953,TNFa,TIFA,6.052293,1.652367e-23
954,TNFa,MMP10,8.347427,3.3111616e-23
955,TNFa,TAPBP,3.9797425,4.1039198e-23
956,TNFa,IGFL1,8.95157,7.04022e-23
957,TNFa,B4GALT1,2.7458532,8.391248e-23
958,TNFa,DTX2,2.9313197,1.3987668e-22
959,TNFa,TNIP2,3.39429,2.854831e-22
960,TNFa,PTX3,21.502733,4.630937e-22
961,TNFa,CYLD,2.8754637,7.968649e-22
962,TNFa,EDN1,7.5856237,9.749373e-22
963,TNFa,TMEM217,4.038151,1.7352607e-21
964,TNFa,RIPK2,5.5724077,2.6006736e-21
965,TNFa,SDC4,8.122776,3.411143e-21
966,TNFa,USP43,3.4492245,6.0598416e-21
967,TNFa,RND1,4.6848807,6.3223995e-21
968,TNFa,BDKRB1,4.922306,6.3590584e-21
969,TNFa,BIRC2,4.6716614,1.03947135e-20
970,TNFa,CTSS,6.3975387,2.5106875e-20
971,TNFa,MMP13,7.105759,3.4023467e-20
972,TNFa,ETS1,4.591171,3.688531e-20
973,TNFa,APBA3,2.1770859,3.884129e-20
974,TNFa,TYMP,4.0186253,4.7724777e-20
975,TNFa,NECAP2,2.7274084,5.2840323e-20
976,TNFa,C11orf96,4.7666693,1.097437e-19
977,TNFa,ANKLE2,2.3679316,1.2144014e-19
978,TNFa,WTAP,3.2215283,1.288025e-19
979,TNFa,TRAF1,9.396001,2.342053e-19
980,TNFa,SQOR,5.956715,3.9004115e-19
981,TNFa,UBE2Z,2.2487996,4.620564e-19
982,TNFa,CXCL1,20.426546,7.3823755e-19
983,TNFa,KRT6B,4.416223,9.34215e-19
984,TNFa,CLUHP3,1.9472883,1.6708163e-18
985,TNFa,CFLAR,3.7265441,1.802559e-18
986,TNFa,SRGN,3.9513283,2.4731619e-18
987,TNFa,GPR176,3.0121863,3.5786158e-18
988,TNFa,C3,9.8984375,4.912487e-18
989,TNFa,TNFAIP1,2.7785494,7.548025e-18
990,TNFa,SLC41A2,5.357995,1.1711647e-17
991,TNFa,PDPN,2.3542507,1.5047554e-17
992,TNFa,IL1RN,4.754298,1.9287827e-17
993,TNFa,AKR1B1,6.596693,2.8127208e-17
994,TNFa,GSAP,4.8681626,2.8136115e-17
995,TNFa,UXS1,4.234971,3.3041653e-17
996,TNFa,RHBDL2,3.6778374,3.5171826e-17
997,TNFa,NFKBIB,2.0871274,3.5671446e-17
998,TNFa,IL15,5.5071,3.6737652e-17
999,TNFa,STAT5A,3.6334894,5.155198e-17
1000,Trail,FRMPD1,-2.2346141,9.378505e-07
1001,Trail,WT1-AS,2.2251053,2.0316747e-06
1002,Trail,WNT8A,-1.8469616,3.795469e-05
1003,Trail,GPR18,3.240805,6.1090715e-05
1004,Trail,TEC,2.0513217,6.32898e-05
1005,Trail,TAS2R5,-2.176068,6.8297515e-05
1006,Trail,NPY,1.6067263,0.00057655544
1007,Trail,KLHL14,-1.76276,0.0006491074
1008,Trail,RAG2,1.571449,0.0011928583
1009,Trail,SCNN1D,-1.4200459,0.0014467607
1010,Trail,ZIM3,1.4980607,0.0015472532
1011,Trail,C17orf99,2.2130032,0.0015868577
1012,Trail,RHEBL1,4.1287117,0.0017382146
1013,Trail,GNL3L,-2.0591397,0.0022368496
1014,Trail,TLDC2,1.7471645,0.0024034907
1015,Trail,KASH5,1.6994591,0.002536351
1016,Trail,TMEM259,-1.4901165,0.0028452633
1017,Trail,CALML6,1.6775881,0.0029107763
1018,Trail,TMEM273,2.038952,0.0035648874
1019,Trail,CST7,2.084535,0.0037202775
1020,Trail,DMRTC2,-1.487465,0.0039849407
1021,Trail,NPW,-2.2000198,0.004088403
1022,Trail,ADAMTS17,-1.5773493,0.004641096
1023,Trail,MS4A1,1.4793701,0.0048312335
1024,Trail,FLCN,1.5934395,0.0050462494
1025,Trail,AGAP6,-1.854893,0.005729872
1026,Trail,LINC03043,-1.4306195,0.0062766005
1027,Trail,HVCN1,2.1822534,0.006401744
1028,Trail,WFDC10A,1.5981959,0.0064637335
1029,Trail,LIM2,1.1231514,0.0065789954
1030,Trail,TESPA1,0.9666589,0.007923585
1031,Trail,CD1A,1.6916095,0.008192554
1032,Trail,ZNRF4,1.0338854,0.008361286
1033,Trail,WDR97,-1.3506489,0.008566875
1034,Trail,HTR1F,-1.4367082,0.0086998
1035,Trail,TRIM72,1.5866386,0.008944539
1036,Trail,PDAP1,-1.3704966,0.009105437
1037,Trail,RAB37,2.947928,0.009352865
1038,Trail,CCDC28A-AS1,-1.6325331,0.00937778
1039,Trail,LSM12,-1.9787703,0.009807165
1040,Trail,DNAJB8,-1.3663967,0.010063224
1041,Trail,BHMT,1.2766724,0.010441817
1042,Trail,BRS3,0.85747355,0.010461765
1043,Trail,KRT35,1.0822473,0.011533491
1044,Trail,KCNA5,1.4800501,0.011755836
1045,Trail,ATP5F1E,1.4563904,0.011973349
1046,Trail,KCNAB3,-0.95173365,0.01202193
1047,Trail,TLR10,-1.5185783,0.012468905
1048,Trail,MYOC,1.001947,0.0128368605
1049,Trail,RRP12,-1.1405686,0.013083915
1050,Trail,SPINK2,1.3331661,0.013281185
1051,Trail,RNF175,2.800903,0.013467598
1052,Trail,TMEM74,1.2320648,0.013701263
1053,Trail,CBFA2T3,2.0847504,0.014124315
1054,Trail,OR5K1,-1.2612461,0.014476205
1055,Trail,UAP1L1,2.7973723,0.014503498
1056,Trail,STEEP1,-1.3793939,0.014966451
1057,Trail,TAS2R9,1.1170478,0.0151962275
1058,Trail,GLIPR1L1,1.1622242,0.015229333
1059,Trail,NFAM1,1.1389091,0.015449501
1060,Trail,BACH2,1.9392339,0.016152894
1061,Trail,NDST3,0.9665638,0.016206892
1062,Trail,VHL,-1.1923081,0.016564865
1063,Trail,SLC7A9,1.2157108,0.016851285
1064,Trail,IFNLR1,1.7142473,0.017488046
1065,Trail,RGSL1,0.8317474,0.017513901
1066,Trail,DDX19A,-1.4562587,0.017524451
1067,Trail,GH1,0.710362,0.018065639
1068,Trail,DDX42,-1.3988361,0.018243227
1069,Trail,AGAP4,-2.5744934,0.018306704
1070,Trail,OVOL3,0.8709491,0.018795054
1071,Trail,LCA5L,1.2593111,0.018916111
1072,Trail,NLRP9,1.259204,0.01960681
1073,Trail,MED18,-1.8389796,0.020296333
1074,Trail,CD79A,0.97376865,0.020794215
1075,Trail,MCCC2,-1.5768266,0.020844063
1076,Trail,AFMID,-2.313055,0.021267107
1077,Trail,ODAD3,1.3392196,0.021455672
1078,Trail,XAB2,1.3952717,0.02171205
1079,Trail,OR1D2,1.0070387,0.022048017
1080,Trail,ASZ1,1.1785345,0.022327386
1081,Trail,RBBP5,-1.6934394,0.022440659
1082,Trail,MED12L,1.35541,0.022854066
1083,Trail,QPCTL,-1.0947281,0.023433613
1084,Trail,HTR3C,1.0882584,0.023940401
1085,Trail,RFPL3,1.0796541,0.024313098
1086,Trail,MS4A5,0.9477578,0.024683787
1087,Trail,EPB42,0.9258458,0.025828145
1088,Trail,CLVS1,-1.2863269,0.026289439
1089,Trail,TTC16,1.0100425,0.02661061
1090,Trail,VIPR2,0.6960472,0.026871003
1091,Trail,FMNL1,1.2568114,0.027138397
1092,Trail,ZNF99,-0.9927692,0.027213631
1093,Trail,TXNL1,-1.1387779,0.027418368
1094,Trail,SPATA46,1.2152592,0.027473122
1095,Trail,VPREB3,1.9346644,0.028259762
1096,Trail,FAAP24,-1.3732464,0.028962363
1097,Trail,ADAMTSL5,1.2043014,0.029046334
1098,Trail,NAP1L4,-0.9598661,0.029374205
1099,Trail,LILRA2,1.048735,0.029814804
1100,VEGF,CRACD,-4.87119,6.7185365e-25
1101,VEGF,VWA8,-3.6068044,1.4495265e-18
1102,VEGF,NLGN1,-5.618075,2.6587072e-18
1103,VEGF,NRG3,-5.823747,1.0848074e-16
1104,VEGF,KCNK10,2.8833063,1.8129868e-16
1105,VEGF,HTR1F,-2.2364597,3.5995335e-16
1106,VEGF,EPHA3,-4.434086,2.2355838e-15
1107,VEGF,ZNF257,-4.5561457,2.377708e-15
1108,VEGF,JCHAIN,-3.347995,5.560824e-15
1109,VEGF,PHACTR3,-9.249969,1.0110701e-14
1110,VEGF,HACD4,-3.7623138,1.1282635e-14
1111,VEGF,VPREB3,-3.392338,1.8915218e-14
1112,VEGF,NCKAP5,-8.071059,3.3245508e-14
1113,VEGF,CYTL1,3.478328,6.8390274e-14
1114,VEGF,NID2,-4.917472,7.483498e-14
1115,VEGF,SCML4,-1.8782682,9.3023876e-14
1116,VEGF,XKR4,-3.6325157,1.5630764e-13
1117,VEGF,CPA6,-2.5637681,2.383136e-13
1118,VEGF,PKHD1L1,-2.105204,5.612604e-13
1119,VEGF,ART4,-2.0645225,6.3615026e-13
1120,VEGF,VASH2,-3.0437603,6.958275e-13
1121,VEGF,SPINK2,-1.8911893,7.3255583e-13
1122,VEGF,EPN2,10.766191,8.360524e-13
1123,VEGF,MYO3A,-1.952178,1.3735146e-12
1124,VEGF,VPREB1,-3.1796901,1.5610783e-12
1125,VEGF,UNC5D,-2.5394275,1.654332e-12
1126,VEGF,IGLL1,-3.3848906,2.2368084e-12
1127,VEGF,TMCC3,7.271994,3.4841617e-12
1128,VEGF,SMAD1,-3.8011115,4.8777653e-12
1129,VEGF,RORB,-2.7744775,5.9428317e-12
1130,VEGF,CCDC81,-2.3013637,8.871469e-12
1131,VEGF,IRAG2,-3.312305,9.7683e-12
1132,VEGF,CD72,-2.7177265,1.1488437e-11
1133,VEGF,SRGAP2,-4.3400035,1.2071243e-11
1134,VEGF,PIEZO2,-1.891097,1.3078377e-11
1135,VEGF,BEND4,-2.4709284,1.3548114e-11
1136,VEGF,GP5,-1.5919265,1.5372953e-11
1137,VEGF,CDC37L1,3.3029194,2.3938303e-11
1138,VEGF,CCM2,4.274565,2.4894534e-11
1139,VEGF,ALDH1A1,-6.4025083,2.525854e-11
1140,VEGF,SPAG6,-1.5709152,3.0223452e-11
1141,VEGF,ZNF597,3.02088,3.0372045e-11
1142,VEGF,NUDT19,-9.111368,3.4921933e-11
1143,VEGF,CRYM,3.4610333,4.3151312e-11
1144,VEGF,ANKS1B,-2.5775185,4.4444504e-11
1145,VEGF,ZNF669,-2.1874533,4.7231205e-11
1146,VEGF,P2RY14,2.830002,4.9457327e-11
1147,VEGF,ZNF347,3.0310535,5.93041e-11
1148,VEGF,IMMP2L,-2.0119991,9.776996e-11
1149,VEGF,C1QTNF4,-1.859168,9.840917e-11
1150,VEGF,CD93,3.0804603,1.00578684e-10
1151,VEGF,PTCH1,-2.7841637,1.1897203e-10
1152,VEGF,ADGRD1,-3.6866453,1.4345444e-10
1153,VEGF,LINC01558,-1.2064265,1.646553e-10
1154,VEGF,IKZF3,-1.6069479,1.8720558e-10
1155,VEGF,AHRR,18.504223,2.1051086e-10
1156,VEGF,RGL1,9.312974,2.6488864e-10
1157,VEGF,HMHB1,-1.7094532,2.8314873e-10
1158,VEGF,SENP5,1.8655494,2.8606947e-10
1159,VEGF,ZNF200,3.504692,3.0882763e-10
1160,VEGF,MZB1,-1.7013074,3.239018e-10
1161,VEGF,NKD2,3.8953838,3.5124906e-10
1162,VEGF,CNR1,-1.4561375,3.8030182e-10
1163,VEGF,DCHS2,-1.7317455,4.0762888e-10
1164,VEGF,TTC28,-2.0738964,4.2793843e-10
1165,VEGF,XK,-4.115595,5.4269966e-10
1166,VEGF,WNT16,-2.0380113,5.969559e-10
1167,VEGF,ZNF415,-2.7834651,6.0727307e-10
1168,VEGF,SMCO3,-2.1019845,6.2828304e-10
1169,VEGF,BCAR3,5.8320103,7.346296e-10
1170,VEGF,LMO2,3.651743,7.518914e-10
1171,VEGF,CAMK4,-2.5470576,8.0735424e-10
1172,VEGF,ARL9,-2.3233454,8.096785e-10
1173,VEGF,FAT1,-5.1053843,9.922853e-10
1174,VEGF,PLAA,2.3023834,1.0150538e-09
1175,VEGF,RUBCNL,3.1367476,1.0369003e-09
1176,VEGF,CPVL,-4.038386,1.2361198e-09
1177,VEGF,MYEF2,-2.3686464,1.3529305e-09
1178,VEGF,CSMD1,-1.3544722,1.6363435e-09
1179,VEGF,TMSB15B,-2.2212496,1.8288588e-09
1180,VEGF,DGKE,1.5475614,1.8443569e-09
1181,VEGF,LIPC,-2.305057,2.0015742e-09
1182,VEGF,ALKBH1,1.755942,2.2359121e-09
1183,VEGF,HOXD10,-1.8270197,2.3016136e-09
1184,VEGF,CCDC141,-1.588012,2.5334737e-09
1185,VEGF,SAP30BP,1.7531166,2.5417992e-09
1186,VEGF,NPTX1,2.378672,2.6200697e-09
1187,VEGF,IL21R,2.5436935,3.0389526e-09
1188,VEGF,KIF26A,-2.1074505,3.101794e-09
1189,VEGF,ANXA5,-5.2687826,3.1261644e-09
1190,VEGF,TRPC6,-2.1253457,3.1933234e-09
1191,VEGF,SLC38A4,-2.2295563,3.8379517e-09
1192,VEGF,SLFN13,-3.5315526,5.475839e-09
1193,VEGF,ZNF202,2.3065372,5.6542215e-09
1194,VEGF,ASTE1,2.6512403,6.2366223e-09
1195,VEGF,GRIP1,-1.617528,6.3761227e-09
1196,VEGF,SST,-1.2248249,6.603797e-09
1197,VEGF,CAPSL,-2.4983609,6.8188966e-09
1198,VEGF,SLC25A43,-4.3583055,6.864101e-09
1199,VEGF,GPR68,2.157207,7.3036195e-09
1200,WNT,BMP4,5.936831,2.511717e-10
1201,WNT,SIGLEC6,2.0207362,2.347858e-09
1202,WNT,NPY2R,1.3872339,8.666917e-09
1203,WNT,CSF3R,1.9323153,3.0219417e-07
1204,WNT,KRT23,4.1216116,5.463989e-07
1205,WNT,FGF20,-2.0880306,5.9975935e-07
1206,WNT,FGF3,-1.7514988,6.9504546e-07
1207,WNT,MSX1,4.1309037,1.2065593e-06
1208,WNT,RNF43,3.6281822,1.4031369e-06
1209,WNT,CYP24A1,4.692304,4.7145736e-06
1210,WNT,BMP7,2.0930717,1.068051e-05
1211,WNT,NTF3,2.2738898,1.5661639e-05
1212,WNT,FGD2,1.6311793,2.1233043e-05
1213,WNT,ALOX12,-2.3880918,2.260792e-05
1214,WNT,ANKRD1,5.753441,3.8958668e-05
1215,WNT,FOXJ2,1.312227,6.0573762e-05
1216,WNT,KIF26B,1.3618006,6.883264e-05
1217,WNT,RUBCNL,2.9007273,8.1687445e-05
1218,WNT,KLK10,2.004181,8.679285e-05
1219,WNT,SYT12,-1.2532607,0.00010335928
1220,WNT,CACNA1E,1.0749966,0.000103819366
1221,WNT,LY86,1.5962522,0.00018879458
1222,WNT,SLC7A8,-2.484373,0.00025584086
1223,WNT,ANO2,1.3622003,0.00027185332
1224,WNT,GPR22,-1.0229872,0.00030631883
1225,WNT,TCTN2,-1.51731,0.0003638026
1226,WNT,PLA2R1,-1.1473081,0.00043154455
1227,WNT,SBSPON,1.4732102,0.00049214385
1228,WNT,GFRA2,1.3671187,0.00061545445
1229,WNT,MSX2,1.5665706,0.0006246354
1230,WNT,CPLX2,-1.0405005,0.00062954234
1231,WNT,SNTB1,1.7684926,0.000634353
1232,WNT,RBMS2,2.1173,0.00065288367
1233,WNT,C2CD3,1.4543602,0.0006710188
1234,WNT,IRS1,3.1878297,0.00067714613
1235,WNT,SNCAIP,1.4363501,0.0006845109
1236,WNT,SFRP5,-1.0794036,0.00069366547
1237,WNT,ZNF613,1.3365029,0.0007494686
1238,WNT,ARL4C,3.2734284,0.00076702685
1239,WNT,CAMK1D,1.8436679,0.0008583432
1240,WNT,RAP2B,2.327078,0.0009234488
1241,WNT,SYK,-1.7247037,0.0009615431
1242,WNT,ZNF385D,-1.2811792,0.0010421193
1243,WNT,HOXB3,1.1516378,0.0011003361
1244,WNT,B3GNT2,2.166411,0.001113337
1245,WNT,TDRKH,-1.7102737,0.0011152006
1246,WNT,KLHL4,1.5405128,0.0011479767
1247,WNT,C4BPB,1.6028111,0.0013887796
1248,WNT,PRDM5,0.9879837,0.0016632868
1249,WNT,IL12RB1,0.83941185,0.0017091862
1250,WNT,TSHZ2,-1.2338865,0.0017564801
1251,WNT,MAB21L4,2.5062096,0.0018987315
1252,WNT,FOXF1,-1.9284204,0.0019820612
1253,WNT,ZNF701,1.0372316,0.0019834214
1254,WNT,UPK1B,1.620504,0.0019948555
1255,WNT,OLFM4,-1.4231503,0.0023319332
1256,WNT,AVPR1A,-0.58350337,0.0026168192
1257,WNT,RASGRP2,-1.2838624,0.002768607
1258,WNT,DLX5,1.6445203,0.002795964
1259,WNT,CLDN4,-1.8993934,0.002819091
1260,WNT,GNG11,2.0985265,0.0028882846
1261,WNT,BNC1,1.5822514,0.0029031276
1262,WNT,ZNF230,1.3853428,0.0032453188
1263,WNT,LPAR2,1.2639945,0.0033191575
1264,WNT,TRMT2B,1.8000284,0.003418628
1265,WNT,ASB4,-0.7287628,0.0035058856
1266,WNT,ZNF43,2.232069,0.0035767097
1267,WNT,KCNJ10,-1.4327666,0.0036671024
1268,WNT,ITGB7,1.3613578,0.0038032648
1269,WNT,HIRA,1.7258514,0.0041258023
1270,WNT,DESI2,1.1042683,0.0043947245
1271,WNT,EYA4,1.3932617,0.0044040834
1272,WNT,APBB1,-1.0152879,0.0046106647
1273,WNT,MSI1,1.0015234,0.004783408
1274,WNT,KCNJ5,-0.97065634,0.004948521
1275,WNT,ANGPT1,-1.9261717,0.004981631
1276,WNT,ZFP30,1.5356603,0.0049856054
1277,WNT,TBXT,-0.95403826,0.0054973606
1278,WNT,MSH3,0.8634488,0.0055644806
1279,WNT,CD244,0.7560624,0.0058832103
1280,WNT,GNAO1,-0.9150379,0.0063318578
1281,WNT,IGF1,1.3594812,0.0067781894
1282,WNT,TPH1,1.0144342,0.0069210054
1283,WNT,TLE4,-1.7334721,0.0071397433
1284,WNT,LGALS14,0.981539,0.007197258
1285,WNT,NCAM1,-0.8770864,0.007434899
1286,WNT,PIEZO2,-1.0513351,0.0076504042
1287,WNT,IL1RL1,2.0807707,0.008040579
1288,WNT,SEC31B,1.4470829,0.008175689
1289,WNT,WFDC2,-1.3176874,0.0081897145
1290,WNT,HOXB5,1.1399583,0.008290073
1291,WNT,FASLG,-1.4434966,0.008743223
1292,WNT,AIRE,0.7562699,0.008822856
1293,WNT,SEL1L3,-1.6218811,0.008986124
1294,WNT,ZNF45,2.1956582,0.009230273
1295,WNT,CD48,1.5782485,0.009390561
1296,WNT,ZNF552,1.1028901,0.009415931
1297,WNT,RNASEH2B,1.0568509,0.009540803
1298,WNT,IGFBP1,1.4842283,0.00959797
1299,WNT,ANKMY1,0.58688974,0.009845328
1300,p53,GLS2,6.452465,7.444302e-37
1301,p53,MDM2,8.193488,2.1194304e-35
1302,p53,ZNF79,4.020263,4.5987433e-34
1303,p53,FDXR,11.994496,5.589482e-32
1304,p53,LCE1B,11.813737,7.8095406e-30
1305,p53,FAS,12.0306015,5.084623e-29
1306,p53,CABYR,6.125472,7.222742e-29
1307,p53,SESN1,12.529229,1.1006063e-27
1308,p53,PIDD1,5.960641,8.951617e-27
1309,p53,TP53I3,18.261147,7.0543665e-26
1310,p53,ABCA12,9.597182,1.4456441e-25
1311,p53,SMIM10L2A,6.3725653,1.9700412e-25
1312,p53,DNAI3,13.098406,3.5297963e-25
1313,p53,CDKN1A,15.95697,1.1433542e-24
1314,p53,SPATA18,7.848998,9.931028e-24
1315,p53,CES2,7.280385,3.5105658e-23
1316,p53,CDIP1,5.0494437,2.1191086e-22
1317,p53,RETSAT,7.136728,2.164391e-22
1318,p53,PRKAB1,4.5200295,4.3686107e-22
1319,p53,CYP4F2,4.139435,4.461811e-22
1320,p53,KLHDC7A,4.5662746,5.8022585e-22
1321,p53,GPR87,10.836122,5.815993e-22
1322,p53,POLH,5.1760125,9.806458e-22
1323,p53,XPC,6.587026,2.0325795e-21
1324,p53,PPM1D,6.249521,2.2743313e-21
1325,p53,ANKRA2,10.889631,2.3274712e-21
1326,p53,PADI4,4.10773,2.5259558e-20
1327,p53,NECTIN4,9.308876,3.5719517e-20
1328,p53,SLC52A1,4.15559,4.333476e-20
1329,p53,PHLDA3,6.790437,2.3013972e-19
1330,p53,DDB2,8.185583,9.811929e-19
1331,p53,RRM2B,10.632928,1.2367909e-18
1332,p53,EDA2R,3.1791322,1.2761387e-18
1333,p53,ZNF337,3.301763,1.7112965e-18
1334,p53,MUC19,7.04011,7.882478e-18
1335,p53,TNFRSF10B,6.0094595,1.4686211e-17
1336,p53,FBXW7,4.2832856,1.8541971e-17
1337,p53,CLCA2,10.519256,1.9611078e-17
1338,p53,ZMAT3,7.9566984,2.0082367e-17
1339,p53,STAG1,-3.8651133,2.869803e-17
1340,p53,TMEM63B,4.807352,3.615938e-17
1341,p53,SCN3B,4.8590016,3.6707496e-17
1342,p53,DRAXIN,6.0144053,4.0334435e-17
1343,p53,SERPINB5,4.796406,4.1128406e-17
1344,p53,RPS27L,6.2511644,1.1694259e-16
1345,p53,FAM13C,4.3149743,2.0119053e-16
1346,p53,DGKA,5.3815055,2.0309717e-16
1347,p53,TIGAR,10.151495,3.1259454e-16
1348,p53,NRF1,-2.351035,3.6774287e-16
1349,p53,ACER2,11.596065,4.565216e-16
1350,p53,TP53INP1,8.658382,4.9731724e-16
1351,p53,STX6,3.4658,6.751524e-16
1352,p53,BLOC1S2,7.4126234,7.3052007e-16
1353,p53,CMBL,5.0508556,7.5248147e-16
1354,p53,SRGAP3,2.5185475,7.6832506e-16
1355,p53,CLTRN,6.829341,7.9843417e-16
1356,p53,GRIN2C,1.8393598,9.25151e-16
1357,p53,CYFIP2,7.0609045,1.0711143e-15
1358,p53,TRIAP1,6.422789,1.116933e-15
1359,p53,ISCU,5.51235,1.5635718e-15
1360,p53,ARHGAP11A,-7.9762263,2.17688e-15
1361,p53,CCDC90B,3.3881094,3.0857186e-15
1362,p53,NADSYN1,3.8369126,3.3116242e-15
1363,p53,ZNF561,10.123219,5.6136897e-15
1364,p53,ZSCAN4,3.1834626,5.8720707e-15
1365,p53,INPP1,7.4880757,5.9038497e-15
1366,p53,LINC02875,3.278283,5.9962775e-15
1367,p53,TEX37,3.0384827,8.805929e-15
1368,p53,PGAP1,5.574287,8.952022e-15
1369,p53,NBEAP1,6.7123084,1.0637207e-14
1370,p53,CSTA,9.006078,1.1419113e-14
1371,p53,DQX1,4.387116,2.3399505e-14
1372,p53,PGF,4.4548464,2.7332039e-14
1373,p53,GRHL3,8.21231,3.264459e-14
1374,p53,C2orf66,11.503175,3.4966838e-14
1375,p53,FBXO22,3.692526,3.858552e-14
1376,p53,ANKRD20A12P,3.6917744,4.144129e-14
1377,p53,KANK3,2.9054399,4.5547892e-14
1378,p53,RINL,4.51469,4.9296362e-14
1379,p53,AK1,4.3529925,5.513598e-14
1380,p53,ZNF83,-5.8575187,5.6313613e-14
1381,p53,CYSRT1,5.076431,5.902854e-14
1382,p53,GDF15,9.773982,6.074626e-14
1383,p53,GRIP2,2.5276115,7.259839e-14
1384,p53,EFNB1,2.865679,9.567793e-14
1385,p53,AKR1B10,10.322078,1.053182e-13
1386,p53,CEL,4.049535,1.2753775e-13
1387,p53,PLTP,6.8850327,1.4122246e-13
1388,p53,SLC44A5,5.043421,2.4261704e-13
1389,p53,EI24,4.0920305,2.473977e-13
1390,p53,CSMD3,4.8126016,3.0518066e-13
1391,p53,RTL5,4.5855145,4.1894418e-13
1392,p53,PDE6C,3.0141354,4.593418e-13
1393,p53,CARNS1,4.538734,4.7305703e-13
1394,p53,LCE1C,30.220747,6.0488333e-13
1395,p53,CCDC150,-3.1745272,7.396252e-13
1396,p53,LCE1A,6.154823,8.475458e-13
1397,p53,TREM2,4.101937,9.739648e-13
1398,p53,GDF9,3.3557413,1.0874333e-12
1399,p53,NHLH2,2.201638,1.6515824e-12
